post_title,post_selftext,usuario,Fullname,contenido,fecha,enlace,TipoDeTweet,UsuarioOriginal,EnlaceOriginal,comments,retweets,quotes,hearts,Likes,Followers,Following,Tweets,Bio,Ubicacion,JoinDate,Website,IsVerified,IsProtected,plays,search_keyword,keyword_languages,sentimiento,topic
El problema de eliminar el burka (Lleva texto 👇),"Esta semana, el Congreso de los Diputados rechazó una propuesta de ley impulsada por Vox y respaldada por el PP para prohibir el uso del burka y el niqab en espacios públicos, en un intento de eliminar estas prendas faciales integrales por considerarlas incompatibles con la convivencia y la dignidad de las mujeres.

Y es que en sí, hay consenso en que el burka es un símbolo de sometimiento hacia la mujer, pero la discrepancia surge en torno si debe prohibirse o no. Vamos a analizarlo brevemente:

**Una de las argumentaciones más potentes de quienes defienden la prohibición** se la he leído a un [tuitero](https://x.com/romanos_somos/status/2023659654258020473?s=48), donde describe que el burka o el niqab no es una costumbre islámica. Es un antifaz que nació en Afganistán hace algo más de un siglo como método, por parte del emir Khan, para evitar que nadie pudiera ver a las mujeres en su harén. A finales del siglo pasado, los talibanes lo reincorporaron obligando a las mujeres afganas a utilizarlo para evitar pensamientos pecaminosos. Hoy se ha extendido a la parte más radical en Europa para presumir de integrismo. No está prescrito en el Corán ni como símbolo religioso.

**En la parte contraria,** están quienes se oponen a estas prendas, pero reitero, no en los términos de la prohibición. Apelan a que su prohibición puede ser contraproducente para la mujer islámica, porque puede empujarla a la marginalidad de su entorno social y privarla de salir al espacio público, aumentando así su aislamiento. Y se preguntan: ¿en qué ayudaría a esas mujeres en la práctica?

También la propia legislación se enfrenta a un dilema : ¿hasta dónde puede llegar a actuar la justicia respecto a la libertad religiosa si incluso hay mujeres fundamentalistas que quieran llevarlo por convicción? Aquí entraría no solo esa libertad, sino también, para algunos, el derecho a la dignidad, como ha ocurrido en casos como el de las mujeres prostitutas o las personas con enanismo a quienes no se les permite ejercer en ciertos espectáculos.

Dejo aquí una reflexión reveladora de la presidenta de la asociación Esperanza de Libertad (Hope of Freedom), la periodista afgana Khadija Amin, que decía “los animales, al menos tienen más derechos, porque pueden caminar libremente por la calle”.

Os leo.",andressantana_com,andressantana_com,"El problema de eliminar el burka (Lleva texto 👇) Esta semana, el Congreso de los Diputados rechazó una propuesta de ley impulsada por Vox y respaldada por el PP para prohibir el uso del burka y el niqab en espacios públicos, en un intento de eliminar estas prendas faciales integrales por considerarlas incompatibles con la convivencia y la dignidad de las mujeres.

Y es que en sí, hay consenso en que el burka es un símbolo de sometimiento hacia la mujer, pero la discrepancia surge en torno si debe prohibirse o no. Vamos a analizarlo brevemente:

**Una de las argumentaciones más potentes de quienes defienden la prohibición** se la he leído a un [tuitero](https://x.com/romanos_somos/status/2023659654258020473?s=48), donde describe que el burka o el niqab no es una costumbre islámica. Es un antifaz que nació en Afganistán hace algo más de un siglo como método, por parte del emir Khan, para evitar que nadie pudiera ver a las mujeres en su harén. A finales del siglo pasado, los talibanes lo reincorporaron obligando a las mujeres afganas a utilizarlo para evitar pensamientos pecaminosos. Hoy se ha extendido a la parte más radical en Europa para presumir de integrismo. No está prescrito en el Corán ni como símbolo religioso.

**En la parte contraria,** están quienes se oponen a estas prendas, pero reitero, no en los términos de la prohibición. Apelan a que su prohibición puede ser contraproducente para la mujer islámica, porque puede empujarla a la marginalidad de su entorno social y privarla de salir al espacio público, aumentando así su aislamiento. Y se preguntan: ¿en qué ayudaría a esas mujeres en la práctica?

También la propia legislación se enfrenta a un dilema : ¿hasta dónde puede llegar a actuar la justicia respecto a la libertad religiosa si incluso hay mujeres fundamentalistas que quieran llevarlo por convicción? Aquí entraría no solo esa libertad, sino también, para algunos, el derecho a la dignidad, como ha ocurrido en casos como el de las mujeres prostitutas o las personas con enanismo a quienes no se les permite ejercer en ciertos espectáculos.

Dejo aquí una reflexión reveladora de la presidenta de la asociación Esperanza de Libertad (Hope of Freedom), la periodista afgana Khadija Amin, que decía “los animales, al menos tienen más derechos, porque pueden caminar libremente por la calle”.

Os leo.",2026-02-19 10:52,https://reddit.com/r/despolarizados/comments/1r8v61n/el_problema_de_eliminar_el_burka_lleva_texto/,Post,,,163,,,218,218,,,,,,,,,,,prohibición burka espacios públicos,Castellano,2,No relacionado
"Yolanda Díaz avisa a las ""derechas"" sobre prohibir el burka: ""Vulnera la Constitución española en su artículo 14 y 16""","La vicepresidenta segunda y ministra de Trabajo, Yolanda Díaz, ha firmado este martes que ""la propuesta de las derechas españolas"" [de prohibir el velo integral (burka y niqab) en el espacio público](https://www.heraldo.es/noticias/nacional/2026/02/17/psoe-elogia-junts-apoye-prohibicion-burka-presentada-vox-compromete-estudiar-suya-1894944.html) ""**vulnera la Constitución española en su artículo 14 y 16, que también tiene que ver con la libertad religiosa"".**

Así lo ha expresado la vicepresidenta segunda durante la rueda de prensa posterior a la reunión del Consejo de Ministros, en referencia a las **iniciativas presentadas por Vox y por Junts en el Congreso**, que defienden la prohibición del burka y el uso del velo en espacios públicos.",jr1512,jr1512,"Yolanda Díaz avisa a las ""derechas"" sobre prohibir el burka: ""Vulnera la Constitución española en su artículo 14 y 16"" La vicepresidenta segunda y ministra de Trabajo, Yolanda Díaz, ha firmado este martes que ""la propuesta de las derechas españolas"" [de prohibir el velo integral (burka y niqab) en el espacio público](https://www.heraldo.es/noticias/nacional/2026/02/17/psoe-elogia-junts-apoye-prohibicion-burka-presentada-vox-compromete-estudiar-suya-1894944.html) ""**vulnera la Constitución española en su artículo 14 y 16, que también tiene que ver con la libertad religiosa"".**

Así lo ha expresado la vicepresidenta segunda durante la rueda de prensa posterior a la reunión del Consejo de Ministros, en referencia a las **iniciativas presentadas por Vox y por Junts en el Congreso**, que defienden la prohibición del burka y el uso del velo en espacios públicos.",2026-02-18 15:50,https://reddit.com/r/SpainPolitikon/comments/1r85057/yolanda_díaz_avisa_a_las_derechas_sobre_prohibir/,Post,,,1,,,2,2,,,,,,,,,,,prohibición burka espacios públicos,Castellano,0,prohibición burka espacios públicos
Barcelona Mayor Collboni Opens Burqa Regulation Debate,"Barcelona Mayor Jaume Collboni has expressed openness to regulating the use of burqas in public spaces, characterising the full-face veil as a way of ""denying a woman's identity."" However, Collboni cautioned that an outright ban would not achieve the goal of ensuring women can make free choices about their clothing.

https://barna.news/barcelona-mayor-collboni-burqa-regulation-debate/",Barna_News,Barna_News,"Barcelona Mayor Collboni Opens Burqa Regulation Debate Barcelona Mayor Jaume Collboni has expressed openness to regulating the use of burqas in public spaces, characterising the full-face veil as a way of ""denying a woman's identity."" However, Collboni cautioned that an outright ban would not achieve the goal of ensuring women can make free choices about their clothing.

https://barna.news/barcelona-mayor-collboni-burqa-regulation-debate/",2026-02-19 00:08,https://reddit.com/r/bcnenglishspeakers/comments/1r8iizx/barcelona_mayor_collboni_opens_burqa_regulation/,Post,,,0,,,1,1,,,,,,,,,,,veil ban public spaces,Inglés,0,regulación
"Rufián aboga por la prohibición del burka porque ""es una salvajada"", pese a votar en contra de vetarlo esta semana",,mods4mods,mods4mods,"Rufián aboga por la prohibición del burka porque ""es una salvajada"", pese a votar en contra de vetarlo esta semana ",2026-02-19 15:33,https://reddit.com/r/SpainPolitics/comments/1r90rah/rufián_aboga_por_la_prohibición_del_burka_porque/,Post,,,93,,,2,2,,,,,,,,,,,prohibición del burka,Castellano,1,rechazo de imposición cultural
"La justicia europea admite la prohibición del velo que oculta la cara,","# Pero rechazó los motivos que ahora esgrimen Vox y Junts

* El niqab o el burka no suponen de por sí una discriminación de género, ni amenazan la seguridad, pero sí impiden una forma de relación social que los Estados tienen derecho a definir, según el Tribunal Europeo de Derechos Humanos",AdminKiller_,AdminKiller_,"La justicia europea admite la prohibición del velo que oculta la cara, # Pero rechazó los motivos que ahora esgrimen Vox y Junts

* El niqab o el burka no suponen de por sí una discriminación de género, ni amenazan la seguridad, pero sí impiden una forma de relación social que los Estados tienen derecho a definir, según el Tribunal Europeo de Derechos Humanos",2026-02-18 09:30,https://reddit.com/r/Debate_Esp/comments/1r7xkbx/la_justicia_europea_admite_la_prohibición_del/,Post,,,0,,,3,3,,,,,,,,,,,prohibición del burka,Castellano,0,rechazo de imposición cultural
El problema de eliminar el burka (Lleva texto 👇),"Esta semana, el Congreso de los Diputados rechazó una propuesta de ley impulsada por Vox y respaldada por el PP para prohibir el uso del burka y el niqab en espacios públicos, en un intento de eliminar estas prendas faciales integrales por considerarlas incompatibles con la convivencia y la dignidad de las mujeres.

Y es que en sí, hay consenso en que el burka es un símbolo de sometimiento hacia la mujer, pero la discrepancia surge en torno si debe prohibirse o no. Vamos a analizarlo brevemente:

**Una de las argumentaciones más potentes de quienes defienden la prohibición** se la he leído a un [tuitero](https://x.com/romanos_somos/status/2023659654258020473?s=48), donde describe que el burka o el niqab no es una costumbre islámica. Es un antifaz que nació en Afganistán hace algo más de un siglo como método, por parte del emir Khan, para evitar que nadie pudiera ver a las mujeres en su harén. A finales del siglo pasado, los talibanes lo reincorporaron obligando a las mujeres afganas a utilizarlo para evitar pensamientos pecaminosos. Hoy se ha extendido a la parte más radical en Europa para presumir de integrismo. No está prescrito en el Corán ni como símbolo religioso.

**En la parte contraria,** están quienes se oponen a estas prendas, pero reitero, no en los términos de la prohibición. Apelan a que su prohibición puede ser contraproducente para la mujer islámica, porque puede empujarla a la marginalidad de su entorno social y privarla de salir al espacio público, aumentando así su aislamiento. Y se preguntan: ¿en qué ayudaría a esas mujeres en la práctica?

También la propia legislación se enfrenta a un dilema : ¿hasta dónde puede llegar a actuar la justicia respecto a la libertad religiosa si incluso hay mujeres fundamentalistas que quieran llevarlo por convicción? Aquí entraría no solo esa libertad, sino también, para algunos, el derecho a la dignidad, como ha ocurrido en casos como el de las mujeres prostitutas o las personas con enanismo a quienes no se les permite ejercer en ciertos espectáculos.

Dejo aquí una reflexión reveladora de la presidenta de la asociación Esperanza de Libertad (Hope of Freedom), la periodista afgana Khadija Amin, que decía “los animales, al menos tienen más derechos, porque pueden caminar libremente por la calle”.

Os leo.",andressantana_com,andressantana_com,"El problema de eliminar el burka (Lleva texto 👇) Esta semana, el Congreso de los Diputados rechazó una propuesta de ley impulsada por Vox y respaldada por el PP para prohibir el uso del burka y el niqab en espacios públicos, en un intento de eliminar estas prendas faciales integrales por considerarlas incompatibles con la convivencia y la dignidad de las mujeres.

Y es que en sí, hay consenso en que el burka es un símbolo de sometimiento hacia la mujer, pero la discrepancia surge en torno si debe prohibirse o no. Vamos a analizarlo brevemente:

**Una de las argumentaciones más potentes de quienes defienden la prohibición** se la he leído a un [tuitero](https://x.com/romanos_somos/status/2023659654258020473?s=48), donde describe que el burka o el niqab no es una costumbre islámica. Es un antifaz que nació en Afganistán hace algo más de un siglo como método, por parte del emir Khan, para evitar que nadie pudiera ver a las mujeres en su harén. A finales del siglo pasado, los talibanes lo reincorporaron obligando a las mujeres afganas a utilizarlo para evitar pensamientos pecaminosos. Hoy se ha extendido a la parte más radical en Europa para presumir de integrismo. No está prescrito en el Corán ni como símbolo religioso.

**En la parte contraria,** están quienes se oponen a estas prendas, pero reitero, no en los términos de la prohibición. Apelan a que su prohibición puede ser contraproducente para la mujer islámica, porque puede empujarla a la marginalidad de su entorno social y privarla de salir al espacio público, aumentando así su aislamiento. Y se preguntan: ¿en qué ayudaría a esas mujeres en la práctica?

También la propia legislación se enfrenta a un dilema : ¿hasta dónde puede llegar a actuar la justicia respecto a la libertad religiosa si incluso hay mujeres fundamentalistas que quieran llevarlo por convicción? Aquí entraría no solo esa libertad, sino también, para algunos, el derecho a la dignidad, como ha ocurrido en casos como el de las mujeres prostitutas o las personas con enanismo a quienes no se les permite ejercer en ciertos espectáculos.

Dejo aquí una reflexión reveladora de la presidenta de la asociación Esperanza de Libertad (Hope of Freedom), la periodista afgana Khadija Amin, que decía “los animales, al menos tienen más derechos, porque pueden caminar libremente por la calle”.

Os leo.",2026-02-19 10:52,https://reddit.com/r/despolarizados/comments/1r8v61n/el_problema_de_eliminar_el_burka_lleva_texto/,Post,,,163,,,218,218,,,,,,,,,,,prohibición del burka,Castellano,2,No relacionado
"Yolanda Díaz avisa a las ""derechas"" sobre prohibir el burka: ""Vulnera la Constitución española en su artículo 14 y 16""","La vicepresidenta segunda y ministra de Trabajo, Yolanda Díaz, ha firmado este martes que ""la propuesta de las derechas españolas"" [de prohibir el velo integral (burka y niqab) en el espacio público](https://www.heraldo.es/noticias/nacional/2026/02/17/psoe-elogia-junts-apoye-prohibicion-burka-presentada-vox-compromete-estudiar-suya-1894944.html) ""**vulnera la Constitución española en su artículo 14 y 16, que también tiene que ver con la libertad religiosa"".**

Así lo ha expresado la vicepresidenta segunda durante la rueda de prensa posterior a la reunión del Consejo de Ministros, en referencia a las **iniciativas presentadas por Vox y por Junts en el Congreso**, que defienden la prohibición del burka y el uso del velo en espacios públicos.",jr1512,jr1512,"Yolanda Díaz avisa a las ""derechas"" sobre prohibir el burka: ""Vulnera la Constitución española en su artículo 14 y 16"" La vicepresidenta segunda y ministra de Trabajo, Yolanda Díaz, ha firmado este martes que ""la propuesta de las derechas españolas"" [de prohibir el velo integral (burka y niqab) en el espacio público](https://www.heraldo.es/noticias/nacional/2026/02/17/psoe-elogia-junts-apoye-prohibicion-burka-presentada-vox-compromete-estudiar-suya-1894944.html) ""**vulnera la Constitución española en su artículo 14 y 16, que también tiene que ver con la libertad religiosa"".**

Así lo ha expresado la vicepresidenta segunda durante la rueda de prensa posterior a la reunión del Consejo de Ministros, en referencia a las **iniciativas presentadas por Vox y por Junts en el Congreso**, que defienden la prohibición del burka y el uso del velo en espacios públicos.",2026-02-18 15:50,https://reddit.com/r/SpainPolitikon/comments/1r85057/yolanda_díaz_avisa_a_las_derechas_sobre_prohibir/,Post,,,1,,,2,2,,,,,,,,,,,prohibición del burka,Castellano,0,prohibición burka espacios públicos
